Workbook

Sheet Gm_Challenge
A1: Track 201 · Module 4 · Lesson 3 — The 5-Minute GM Challenge
A3: Round | B3: Roster Window | C3: Your Pick | D3: Your Move | E3: Description | F3: EV Score | G3: Surplus Score | H3: Window Fit Score | I3: Round Total | J3: Key
A4: 1 | B4: 4-year rebuild | C4: Pick 8 | D4: STARTING | E4: {=IF($D4="","",INDEX(Trades!$C$2:$C$39, MATCH($A4&"|"&$D4, Trades!$G$2:$G$39, 0)))} -> #N/A | F4: {=IF($D4="","", INDEX(Trades!$D$2:$D$98, MATCH($A4&"|"&$D4, Trades!$G$2:$G$98, 0)))} -> #N/A | G4: {=IF($D4="","",INDEX(Trades!$E$2:$E$40, MATCH($A4&"|"&$D4, Trades!$G$2:$G$40, 0)))} -> #N/A | H4: {=IF($D4="","",INDEX(Trades!$F$2:$F$40, MATCH($A4&"|"&$D4, Trades!$G$2:$G$40, 0)))} -> #N/A | I4: =IF($D4="","", F4 + G4 - (H4 * 0.25)) -> #N/A | J4: =IF(D4="","",A4&"|"&D4) -> 1|STARTING
A5: 2 | B5: 2-year push | C5: Pick 12 | D5: STARTING | E5: {=IF($D5="","",INDEX(Trades!$C$2:$C$39, MATCH($A5&"|"&$D5, Trades!$G$2:$G$39, 0)))} -> #N/A | F5: {=IF($D5="","", INDEX(Trades!$D$2:$D$98, MATCH($A5&"|"&$D5, Trades!$G$2:$G$98, 0)))} -> #N/A | G5: {=IF($D5="","",INDEX(Trades!$E$2:$E$40, MATCH($A5&"|"&$D5, Trades!$G$2:$G$40, 0)))} -> #N/A | H5: {=IF($D5="","",INDEX(Trades!$F$2:$F$40, MATCH($A5&"|"&$D5, Trades!$G$2:$G$40, 0)))} -> #N/A | I5: =IF($D5="","", F5 + G5 - (H5 * 0.25)) -> #N/A | J5: =IF(D5="","",A5&"|"&D5) -> 2|STARTING
A6: 3 | B6: 1-year title | C6: Pick 16 | D6: STARTING | E6: {=IF($D6="","",INDEX(Trades!$C$2:$C$39, MATCH($A6&"|"&$D6, Trades!$G$2:$G$39, 0)))} -> #N/A | F6: {=IF($D6="","", INDEX(Trades!$D$2:$D$98, MATCH($A6&"|"&$D6, Trades!$G$2:$G$98, 0)))} -> #N/A | G6: {=IF($D6="","",INDEX(Trades!$E$2:$E$40, MATCH($A6&"|"&$D6, Trades!$G$2:$G$40, 0)))} -> #N/A | H6: {=IF($D6="","",INDEX(Trades!$F$2:$F$40, MATCH($A6&"|"&$D6, Trades!$G$2:$G$40, 0)))} -> #N/A | I6: =IF($D6="","", F6 + G6 - (H6 * 0.25)) -> #N/A | J6: =IF(D6="","",A6&"|"&D6) -> 3|STARTING
A8: Total GM Score: | H8: Total | I8: =IF(I4="","", SUM(I4:I6)) -> #N/A
A9: GM Rating:
H10: GM Rating | I10: =IF(I8>=14,"FRANCHISE GM", IF(I8>=11,"All-Star GM", IF(I8>=8,"Starter GM", "Developmental GM"))) -> #N/A
B12: Eligibility | C12: =IF(I8>=10,"✅ Passed — Submit Score to claim XP","❌ Not high enough — Try again") -> #N/A | H12: Click “Submit My Score” to see if you earned the Claim Code.
H13: (Your Claim Code will be sent to your email if you passed.)

Sheet Trades
A1: Round | B1: Option | C1: Description | D1: EV | E1: Surplus | F1: WindowFit | G1: Key
A2: 1 | B2: Trade Up | C2: Receive Pick 5; Send Pick 8 + two future 2nds | D2: 2 | E2: 1 | F2: 0 | G2: =A2 & "|" & B2 -> 1|Trade Up
A3: 1 | B3: Trade Down | C3: Receive Pick 15 + Pick 34; Send Pick 8 | D3: 1 | E3: 2 | F3: 0 | G3: =A3 & "|" & B3 -> 1|Trade Down
A4: 1 | B4: Keep | C4: Keep Pick 8 | D4: 1 | E4: 1 | F4: 0 | G4: =A4 & "|" & B4 -> 1|Keep
A5: 1 | B5: Vet Trade | C5: Receive 27-year-old starter wing "Darius Flint"; Send Pick 8 | D5: 1 | E5: 0 | F5: 3 | G5: =A5 & "|" & B5 -> 1|Vet Trade
A6: 1 | B6: Big Swing Star Trade | C6: Receive near-All-Star guard "Kyree Dalton" (30); Send Pick 8 + unprotected 2028 1st | D6: 1 | E6: -2 | F6: 3 | G6: =A6 & "|" & B6 -> 1|Big Swing Star Trade
A7: 2 | B7: Trade Up | C7: Receive Pick 7; Send Pick 12 + Pick 40 | D7: 2 | E7: 1 | F7: 1 | G7: =A7 & "|" & B7 -> 2|Trade Up
A8: 2 | B8: Trade Down | C8: Receive Pick 20 + 2027 top-20 protected 1st; Send Pick 12 | D8: 2 | E8: 2 | F8: 1 | G8: =A8 & "|" & B8 -> 2|Trade Down
A9: 2 | B9: Keep | C9: Keep Pick 12 | D9: 1 | E9: 2 | F9: 0 | G9: =A9 & "|" & B9 -> 2|Keep
A10: 2 | B10: Vet Trade | C10: Receive 31-year-old stretch big "Miles Harrow"; Send Pick 12 | D10: 1 | E10: -1 | F10: 1 | G10: =A10 & "|" & B10 -> 2|Vet Trade
A11: 2 | B11: Big Swing Star Trade | C11: Receive borderline All-Star wing "Trey Rollins" (25); Send Pick 12 + two 2nds | D11: 3 | E11: 1 | F11: 0 | G11: =A11 & "|" & B11 -> 2|Big Swing Star Trade
A12: 3 | B12: Trade Up | C12: Receive Pick 10; Send Pick 16 + Pick 42 | D12: 1 | E12: 1 | F12: 2 | G12: =A12 & "|" & B12 -> 3|Trade Up
A13: 3 | B13: Trade Down | C13: Receive Pick 24 + rotation big "Reese Morrow" | D13: 2 | E13: 0 | F13: 0 | G13: =A13 & "|" & B13 -> 3|Trade Down
... A16: 3 | B16: Big Swing Star Trade | C16: Receive star forward "Landon Cruz"; Send Pick 16 + future 1st + young player | D16: 5 | E16: -2 | F16: 0 | G16: =A16 & "|" & B16 -> 3|Big Swing Star Trade
